Team,Player,Birthplace,Latitude,Longitutde
Detroit Pistons,Brandon Knight,"Miami, Florida","25°46'31""N","80°12'32""W"
Miami Heat,Udonis Haslem,"Miami, Florida","25°46'31""N","80°12'32""W"
Portland TrailBlazers,Trevor Ariza,"Miami, Florida","25°46'31""N","80°12'32""W"
Toronto Raptors,Dewan Hernandez,"Miami, Florida","25°46'31""N","80°12'32""W"
Sacramento Kings,Justin James,"Port St. Lucie, Florida","27°16'33""N","80°21'18""W"
Utah Jazz,Tony Bradley,"Bartow, Florida","27°53'33""N","81°50'23""W"
Utah Jazz,Jordan Clarkson,"Tampa, Florida","27°58'05""N","82°28'35""W"
Charlotte Hornets,Dwayne Bacon,"Lakeland, Florida","28°02'28""N","81°57'32""W"
Charlotte Hornets,Joe Chealey,"Orlando, Florida","28°32'24""N","81°22'48""W"
Portland TrailBlazers,Anfernee Simons,"Altamonte Springs, Florida","28°39'41""N","81°23'31""W"
Atlanta Hawks,Vince Carter,"Daytona Beach, Florida","29°11'24""N","81°05'22""W"
Milwaukee Bucks,Wesley Matthews,"San Antonio, Texas","29°25'30""N","98°29'38""W"
Boston Celtics,Carsen Edwards,"Houston, Texas","29°45'46""N","95°22'59""W"
Boston Celtics,Grant Williams,"Houston, Texas","29°45'46""N","95°22'59""W"
Brooklyn Nets,DeAndre Jordan,"Houston, Texas","29°45'46""N","95°22'59""W"
Cleveland Cavaliers,Sheldon Mac,"Houston, Texas","29°45'46""N","95°22'59""W"
Dallas Mavericks,Justin Jackson,"Houston, Texas","29°45'46""N","95°22'59""W"
Houston Rockets,Danuel House,"Houston, Texas","29°45'46""N","95°22'59""W"
Los Angeles Clippers,Johnathan Motley,"Houston, Texas","29°45'46""N","95°22'59""W"
Memphis Grizzlies,Justise Winslow,"Houston, Texas","29°45'46""N","95°22'59""W"
Miami Heat,Jimmy Butler,"Houston, Texas","29°45'46""N","95°22'59""W"
Minnesota Timberwolves,Jarred Vanderbilt,"Houston, Texas","29°45'46""N","95°22'59""W"
New York Knicks,Dameyan Dotson,"Houston, Texas","29°45'46""N","95°22'59""W"
Orlando Magic,Wesley Iwundu,"Houston, Texas","29°45'46""N","95°22'59""W"
Brooklyn Nets,Taurean Prince,"San Marcos, Texas","29°52'46""N","97°56'20""W"
New York Knicks,Elfrid Payton,"Gretna, Louisiana","29°54'59""N","90°03'15""W"
Chicago Bulls,Thaddeus Young,"New Orleans, Louisiana","29°57'00""N","90°04'48""W"
Orlando Magic,DJ Augustin,"New Orleans, Louisiana","29°57'00""N","90°04'48""W"
Orlando Magic,Melvin Frazier,"New Orleans, Louisiana","29°57'00""N","90°04'48""W"
Phoenix Suns,Kelly Oubre Jr.,"New Orleans, Louisiana","29°57'00""N","90°04'48""W"
Sacramento Kings,De'Aron Fox,"New Orleans, Louisiana","29°57'00""N","90°04'48""W"
New Orleans Pelicans,Josh Gray,"Lake Charles, Louisiana","30°12'53""N","93°12'31""W"
Memphis Grizzlies,Grayson Allen,"Jacksonville, Florida","30°20'13""N","81°39'41""W"
New York Knicks,Mitchell Robinson,"Pensacola, Florida","30°26'00""N","87°12'00""W"
Portland TrailBlazers,Nassir Little,"Pensacola, Florida","30°26'00""N","87°12'00""W"
Atlanta Hawks,Damian Jones,"Baton Rouge, Louisiana","30°26'51""N","91°10'43""W"
Brooklyn Nets,Garrett Temple,"Baton Rouge, Louisiana","30°26'51""N","91°10'43""W"
Detroit Pistons,Langston Galloway,"Baton Rouge, Louisiana","30°26'51""N","91°10'43""W"
Los Angeles Lakers,Alex Caruso,"College Station, Texas","30°36'05""N","96°18'52""W"
Utah Jazz,Royce O'Neale,"Killeen, Texas","31°06'20""N","97°43'36""W"
New Orleans Pelicans,Kenrich Williams,"Waco, Texas","31°33'05""N","97°09'21""W"
Detroit Pistons,Jordan McRae,"Savannah, Georgia","32°01'00""N","81°07'00""W"
Philadelphia 76ers,Shake Milton,"Savannah, Georgia","32°01'00""N","81°07'00""W"
Oklahoma City Thunder,Andre Roberson,"Las Cruces, New Mexico","32°18'52""N","106°46'44""W"
Los Angeles Clippers,JaMychal Green,"Montgomery, Alabama","32°21'42""N","86°16'45""W"
Portland TrailBlazers,Rodney Hood,"Meridian, Mississippi","32°22'29""N","88°42'15""W"
Denver Nuggets,Paul Millsap,"Monroe, Louisiana","32°30'34""N","82°07'06""W"
Boston Celtics,Robert Williams,"Shreveport, Louisiana","32°30'53""N","93°44'50""W"
Indiana Pacers,Aaron Holiday,"Ruston, Louisiana","32°31'47""N","92°38'26""W"
San Antonio Spurs,Quinndary Weatherspoon,"Canton, Mississippi","32°36'43""N","90°01'54""W"
Brooklyn Nets,Jarrett Allen,"San Diego, California","32°42'54""N","117°09'45""W"
Los Angeles Lakers,Jared Dudley,"San Diego, California","32°42'54""N","117°09'45""W"
Memphis Grizzlies,Josh Jackson,"San Diego, California","32°42'54""N","117°09'45""W"
Toronto Raptors,Norman Powell,"San Diego, California","32°42'54""N","117°09'45""W"
Minnesota Timberwolves,Jarrett Culver,"Dallas, Texas","32°46'45""N","96°48'32""W"
New York Knicks,Julius Randle,"Dallas, Texas","32°46'45""N","96°48'32""W"
Oklahoma City Thunder,Kevin Hervey,"Dallas, Texas","32°46'45""N","96°48'32""W"
San Antonio Spurs,LaMarcus Aldridge,"Dallas, Texas","32°46'45""N","96°48'32""W"
Milwaukee Bucks,Khris Middleton,"Charleston, South Carolina","32°47'00""N","79°56'00""W"
Indiana Pacers,Myles Turner,"Bedford, Texas",32°50'48'N,"97°08'23""W"
Los Angeles Lakers,Kentavious Caldwell-Pope,"Thomaston, Georgia","32°54'00""N","84°20'00""W"
Philadelphia 76ers,Zhaire Smith,"Garland, Texas","32°54'26""N","96°38'07""W"
Boston Celtics,Marcus Smart,"Flower Mound, Texas","33°01'54""N","97°04'44""W"
Chicago Bulls,Daniel Gafford,"El Dorado, Arkansas","33°12'49""N","92°39'45""W"
Sacramento Kings,Marvin Bagley III,"Tempe, Arizona","33°24'46""N","111°56'35""W"
New York Knicks,Kevin Knox,"Phoenix, Arizona","33°27'00""N","112°04'00""W"
Toronto Raptors,Paul Watson,"Phoenix, Arizona","33°27'00""N","112°04'00""W"
San Antonio Spurs,Drew Eubanks,"Starkville, Mississippi","33°27'45""N","88°49'12""W"
Philadelphia 76ers,Matisse Thybulle,"Scottsdale, Arizona","33°30'00""N","111°56'00""W"
Atlanta Hawks,Trae Young,"Lubbock, Texas","33°34'40""N","101°53'24""W"
Chicago Bulls,Chandler Hutchinson,"Mission Viejo, California","33°36'46""N","117°39'22""W"
Houston Rockets,DeMarre Carroll,"Birmingham, Alabama","33°39'12""N","86°48'32""W"
Milwaukee Bucks,Eric Bledsoe,"Birmingham, Alabama","33°39'12""N","86°48'32""W"
Miami Heat,KZ Okpala,"Orange County, California","33°40'12""N","117°46'48""W"
Miami Heat,Jae Crowder,"Villa Rica, Georgia","33°43'55""N","84°55'12""W"
Chicago Bulls,Wendell Carter Jr.,"Atlanta, Georgia","33°45'18""N","84°23'24""W"
Indiana Pacers,Malcom Brogdon,"Atlanta, Georgia","33°45'18""N","84°23'24""W"
Los Angeles Lakers,Dwight Howard,"Atlanta, Georgia","33°45'18""N","84°23'24""W"
Minnesota Timberwolves,Malik Beasley,"Atlanta, Georgia","33°45'18""N","84°23'24""W"
New Orleans Pelicans,Derrick Favors,"Atlanta, Georgia","33°45'18""N","84°23'24""W"
Orlando Magic,Al-Farouq Aminu,"Atlanta, Georgia","33°45'18""N","84°23'24""W"
Detroit Pistons,Christian Wood,"Long Beach, California","33°46'06""N","118°11'44""W"
Houston Rockets,Russell Westbrook,"Long Beach, California","33°46'06""N","118°11'44""W"
New Orleans Pelicans,Lonzo Ball,"Anaheim, California","33°50'10""N","117°53'23""W"
Toronto Raptors,Stanley Johnson,"Anaheim, California","33°50'10""N","117°53'23""W"
San Antonio Spurs,Demar DeRozan,"Compton, California","33°53'48""N","118°13'30""W"
Milwaukee Bucks,Kyle Korver,"Paramount, California","33°54'00""N","118°10'00""W"
Detroit Pistons,Tony Snell,"Watts, California","33°56'30""N","118°14'30""W"
Boston Celtics,Jaylen Brown,"Marietta, Georgia","33°57'12""N","84°32'26""W"
Cleveland Cavaliers,Collin Sexton,"Marietta, Georgia","33°57'12""N","84°32'26""W"
Denver Nuggets,PJ Dozier,"Columbia, South Carolina","34°00'02""N","81°02'05""W"
Denver Nuggets,Torrey Craig,"Columbia, South Carolina","34°00'02""N","81°02'05""W"
Memphis Grizzlies,Ja Morant,"Dalzell, South Carolina","34°01'11""N","80°25'47""W"
Cleveland Cavaliers,Kevin Love,"Santa Monica, California","34°01'19""N","118°28'53""W"
Houston Rockets,Austin Rivers,"Santa Monica, California","34°01'19""N","118°28'53""W"
Brooklyn Nets,Spencer Dinwiddie,"Los Angeles, California","34°03'00""N","118°15'00""W"
Dallas Mavericks,Delon Wright,"Los Angeles, California","34°03'00""N","118°15'00""W"
Golden State Warriors,Klay Thompson,"Los Angeles, California","34°03'00""N","118°15'00""W"
Houston Rockets,James Harden,"Los Angeles, California","34°03'00""N","118°15'00""W"
Los Angeles Clippers,Kawhi Leonard,"Los Angeles, California","34°03'00""N","118°15'00""W"
San Antonio Spurs,Chimezie Metu,"Los Angeles, California","34°03'00""N","118°15'00""W"
Minnesota Timberwolves,Jordan McLaughlin,"Pasadena, California","34°09'22""N","118°07'25""W"
Memphis Grizzlies,De'Anthony Melton,"North Hollywood, California","34°10'26""N","118°22'44""W"
Milwaukee Bucks,Brook Lopez,"North Hollywood, California","34°10'26""N","118°22'44""W"
Milwaukee Bucks,Robin Lopez,"North Hollywood, California","34°10'26""N","118°22'44""W"
New York Knicks,Kadeem Allen,"Wilmington, North Carolina","34°13'24""N","77°54'44""W"
New Orleans Pelicans,Jrue Holiday,"Chatsworth, California","34°15'26""N","118°36'01""W"
Indiana Pacers,Justin Holiday,"Mission Hills, California","34°15'26""N","118°28'02""W"
Orlando Magic,James Ennis,"Ventura, California","34°16'30""N","119°13'40""W"
Los Angeles Clippers,Paul George,"Palmdale, California","34°34'52""N","118°06'02""W"
Atlanta Hawks,Dewayne Dedmon,"Lancaster, California","34°41'00""N","118°09'00""W"
New York Knicks,Bobby Portis,"Little Rock, Arkansas","34°44'10""N","92°19'52""W"
Minnesota Timberwolves,Jacob Evans,"Jacksonville, North Carolina","34°45'35""N","77°24'35""W"
Brooklyn Nets,Nicolas Claxton,"Greenville, South Carolina","34°50'40""N","82°23'08""W"
Golden State Warriors,Ky Bowman,"Havelock, North Carolina","34°52'58""N","76°54'33""W"
Toronto Raptors,Terence Davis,"Southaven, Mississippi","34°58'00""N","89°59'14""W"
New York Knicks,Dennis Smith Jr.,"Fayetteville, North Carolina","35°03'09""N","78°52'41""W"
Brooklyn Nets,Chris Chiozza,"Memphis, Tennessee","35°07'03""N","89°58'16""W"
Brooklyn Nets,Jeremiah Martin,"Memphis, Tennessee","35°07'03""N","89°58'16""W"
Dallas Mavericks,Antonius Cleveland,"Memphis, Tennessee","35°07'03""N","89°58'16""W"
Los Angeles Clippers,Lou Williams,"Memphis, Tennessee","35°07'03""N","89°58'16""W"
Washington Wizards,Johnathan Williams,"Memphis, Tennessee","35°07'03""N","89°58'16""W"
New Orleans Pelicans,Jaxson Hayes,"Norman, Oklahoma","35°13'12""N","97°26'24""W"
Atlanta Hawks,DeaAndre' Bembry,"Charlotte, North Carolina","35°13'38""N","80°50'35""W"
Dallas Mavericks,Seth Curry,"Charlotte, North Carolina","35°13'38""N","80°50'35""W"
Washington Wizards,Ish Smith,"Charlotte, North Carolina","35°13'38""N","80°50'35""W"
Portland TrailBlazers,Hassan Whiteside,"Gastonia, North Carolina","35°15'19""N","81°10'49""W"
New Orleans Pelicans,Brandon Ingram,"Kinston, North Carolina","35°16'14""N","77°35'06""W"
Chicago Bulls,Coby White,"Goldsboro, North Carolina","35°22'55""N","77°58'41""W"
Orlando Magic,Gary Clark,"Smithfield, North Carolina","35°30'33""N","78°20'47""W"
Philadelphia 76ers,Josh Richardson,"Edmond, Oklahoma","35°39'00""N","97°28'00""W"
Sacramento Kings,DaQuan Jeffries,"Edmond, Oklahoma","35°39'00""N","97°28'00""W"
New Orleans Pelicans,Zion Willamson,"Salisbury, North Carolina","35°40'06""N","80°28'43""W"
Charlotte Hornets,Devonte' Graham,"Raleigh, North Carolina","35°46'00""N","78°38'00""W"
Houston Rockets,Chris Clemons,"Raleigh, North Carolina","35°46'00""N","78°38'00""W"
Houston Rockets,PJ Tucker,"Raleigh, North Carolina","35°46'00""N","78°38'00""W"
Washington Wizards,Jerome Robinson,"Raleigh, North Carolina","35°46'00""N","78°38'00""W"
Washington Wizards,John Wall,"Raleigh, North Carolina","35°46'00""N","78°38'00""W"
Charlotte Hornets,Malik Monk,"Jonesboro, Arkansas","35°49'41""N","90°41'39""W"
Charlotte Hornets,Caleb Martin,"Mocksville, North Carolina","35°53'38""N","80°33'41""W"
Charlotte Hornets,Cody Martin,"Mocksville, North Carolina","35°53'38""N","80°33'41""W"
Los Angeles Clippers,Montrezl Harrell,"Tarboro, North Carolina","35°54'10""N","77°32'45""W"
Washington Wizards,Garrison Mathews,"Franklin, Tennessee","35°55'45""N","86°51'27""W"
Indiana Pacers,TJ Warren,"Durham, North Carolina","35°59'19""N","78°54'26""W"
Utah Jazz,Mike Conley,"Fayetteville, Arkansas","36°03'45""N","94°09'27""W"
Brooklyn Nets,Theo Pinson,"Greensboro, North Carolina","36°04'48""N","79°49'10""W"
Detroit Pistons,John Henson,"Greensboro, North Carolina","36°04'48""N","79°49'10""W"
Oklahoma City Thunder,Darius Bazley,"Cincinnati, Ohio","36°06'00""N","84°31'00""W"
Oklahoma City Thunder,Chris Paul,"Winston-Salem, North Carolina","36°06'10""N","80°15'38""W"
Sacramento Kings,Harry Giles,"Winston-Salem, North Carolina","36°06'10""N","80°15'38""W"
Oklahoma City Thunder,Terrance Ferguson,"Tulsa, Oklahoma","36°07'53""N","95°56'14""W"
New Orleans Pelicans,JJ Redick,"Cookeville, Tennessee","36°09'51""N","85°30'15""W"
Detroit Pistons,Jordan Bone,"Nashville, Tennessee","36°10'00""N","86°47'00""W"
Washington Wizards,Troy Brown Jr.,"Las Vegas, Nevada","36°10'30""N","115°08'11""W"
Sacramento Kings,Kent Bazemore,"Kelford, North Carolina","36°10'51""N","77°13'18""W"
Portland TrailBlazers,Zach Collins,"North Las Vegas, Nevada","36°13'43""N","115°08'48""W"
Houston Rockets,Tyson Chandler,"Hanford, California","36°19'39""N","119°38'44""W"
Philadelphia 76ers,Mike Scott,"Chesapeake, Virginia","36°46'03""N","76°17'15""W"
Dallas Mavericks,Dorian Finney-Smith,"Portsmouth, Virginia","36°50'04""N","76°23'30""W"
Boston Celtics,Javonte Green,"Petersburg, Virginia","37°12'47""N","77°24'02""W"
Milwaukee Bucks,Frank Mason III,"Petersburg, Virginia","37°12'47""N","77°24'02""W"
Denver Nuggets,Troy Daniels,"Roanoke, Virginia","37°16'00""N","79°56'00""W"
Detroit Pistons,Khyri Thomas,"Cupertino, California","37°19'23""N","122°01'55""W"
Orlando Magic,Aaron Gordon,"San Jose, California","37°20'00""N","121°51'00""W"
San Antonio Spurs,Keldon Johnson,"Chesterfield, Virginia","37°22'35""N","77°30'14""W"
Indiana Pacers,Jeremy Lamb,"Henrico, Virginia","37°33'00""N","77°24'00""W"
Miami Heat,Gabe Vincent,"Modesto, California","37°39'41""N","120°59'40""W"
Cleveland Cavaliers,Dean Wade,"Wichita, Kansas","37°41'20""N","97°20'10""W"
Dallas Mavericks,Tim Hardaway Jr.,"Alameda, California","37°45'22""N","122°16'28""W"
Golden State Warriors,Juan Toscano-Anderson,"Oakland, California","37°48'16""N","122°16'15""W"
Portland TrailBlazers,Damian Lillard,"Oakland, California","37°48'16""N","122°16'15""W"
Utah Jazz,Juwan Morgan,"Waynesville, Missouri","37°49'43""N","92°12'03""W"
Dallas Mavericks,Willie Cauley-Stein,"Spearville, Kansas","37°50'56""N","99°45'19""W"
Chicago Bulls,Luke Kornet,"Lexington, Kentucky","38°01'47""N","84°29'41""W"
Charlotte Hornets,PJ Washington,"Louisville, Kentucky","38°13'31""N","85°44'30""W"
Los Angeles Lakers,Rajon Rondo,"Louisville, Kentucky","38°13'31""N","85°44'30""W"
Minnesota Timberwolves,D'Angelo Russell,"Louisville, Kentucky","38°13'31""N","85°44'30""W"
Minnesota Timberwolves,Kelan Martin,"Louisville, Kentucky","38°13'31""N","85°44'30""W"
Boston Celtics,Romeo Langford,"New Albany, Indiana","38°18'07""N","85°49'17""W"
Denver Nuggets,Keita Bates-Diop,"Sacramento, California","38°34'54""N","121°29'40""W"
Golden State Warriors,Marquese Chriss,"Sacramento, California","38°34'54""N","121°29'40""W"
Boston Celtics,Jayson Tatum,"St. Louis, Missouri","38°37'38""N","90°11'52""W"
Chicago Bulls,Otto Porter,"St. Louis, Missouri","38°37'38""N","90°11'52""W"
Houston Rockets,Ben McLemore,"St. Louis, Missouri","38°37'38""N","90°11'52""W"
Toronto Raptors,Patric McCaw,"St. Louis, Missouri","38°37'38""N","90°11'52""W"
Washington Wizards,Bradley Beal,"St. Louis, Missouri","38°37'38""N","90°11'52""W"
Miami Heat,Meyers Leonard,"Woodbridge, Virginia","38°38'37""N","77°15'39""W"
Charlotte Hornets,Cody Zeller,"Washington, Indiana","38°39'30""N","87°10'30""W"
Orlando Magic,Markelle Fultz,"Prince George's County, Maryland","38°49'48""N","76°51'00""W"
Philadelphia 76ers,Alec Burks,"Grandview, Missouri","38°53'06""N","94°31'21""W"
Atlanta Hawks,Treveon Grahm,"Washington, D.C.","38°54'17""N","77°00'59""W"
Brooklyn Nets,Kevin Durant,"Washington, D.C.","38°54'17""N","77°00'59""W"
Los Angeles Clippers,Patrick Patterson,"Washington, D.C.","38°54'17""N","77°00'59""W"
Los Angeles Lakers,Quinn Cook,"Washington, D.C.","38°54'17""N","77°00'59""W"
New Orleans Pelicans,Frank Jackson,"Washington, D.C.","38°54'17""N","77°00'59""W"
Utah Jazz,Ed Davis,"Washington, D.C.","38°54'17""N","77°00'59""W"
Houston Rockets,Jeff Green,"Cheverly, Maryland","38°55'28""N","76°54'56""W"
Los Angeles Clippers,Rodney McGruder,"Landover, Maryland","38°56'00""N","76°54'00""W"
Atlanta Hawks,Brandon Goodwin,"Norcross, Georgia","38°56'00""N","84°13'00""W"
Denver Nuggets,Michael Porter Jr.,"Columbia, Missouri","38°57'06""N","92°19'43""W"
Boston Celtics,Semi Ojeleye,"Overland Park, Kansas","38°58'56""N","84°40'15""W"
Indiana Pacers,Victor Oladipo,"Silver Spring, Maryland","39°00'09""N","77°01'15""W"
New Orleans Pelicans,Josh Hart,"Silver Spring, Maryland","39°00'09""N","77°01'15""W"
Chicago Bulls,Shaquille Harrison,"Kansas City, Missouri","39°05'59""N","94°34'42""W"
Los Angeles Clippers,Landry Shamet,"Kansas City, Missouri","39°05'59""N","94°34'42""W"
Toronto Raptors,Malcolm Miller,"Laytonsville, Maryland","39°12'41""N","77°08'24""W"
Denver Nuggets,Will Barton,"Baltimore, Maryland","39°17'00""N","76°37'00""W"
Golden State Warriors,Damion Lee,"Baltimore, Maryland","39°17'00""N","76°37'00""W"
New York Knicks,Reggie Bullock,"Baltimore, Maryland","39°17'00""N","76°37'00""W"
San Antonio Spurs,Derrick White,"Parker, Colorado","39°31'10""N","104°45'57""W"
Detroit Pistons,Luke Kennard,"Franklin, Ohio","39°33'41""N","84°18'06""W"
Milwaukee Bucks,Donte Divincenzo,"Newark, Deleware","39°41'01""N","75°44'59""W"
Atlanta Hawks,Jeff Teague,"Indianapolis, Indiana","39°46'07""N","86°09'29""W"
Boston Celtics,Gordon Hayward,"Indianapolis, Indiana","39°46'07""N","86°09'29""W"
Dallas Mavericks,Courtney Lee,"Indianapolis, Indiana","39°46'07""N","86°09'29""W"
Houston Rockets,Eric Gordon,"Indianapolis, Indiana","39°46'07""N","86°09'29""W"
Milwaukee Bucks,George Hill,"Indianapolis, Indiana","39°46'07""N","86°09'29""W"
Portland TrailBlazers,Caleb Swanigan,"Indianapolis, Indiana","39°46'07""N","86°09'29""W"
Sacramento Kings,Kyle Guy,"Indianapolis, Indiana","39°46'07""N","86°09'29""W"
Sacramento Kings,Yogi Ferrell,"Indianapolis, Indiana","39°46'07""N","86°09'29""W"
Miami Heat,Andre Iguodala,"Springfield, Illinois","39°47'58""N","89°39'18""W"
Toronto Raptors,Matt Thomas,"Decatur, Illinois","39°50'29""N","88°57'21""W"
Miami Heat,Derrick Jones Jr.,"Chester, Pennsylvania","39°50'50""N","75°22'22""W"
Toronto Raptors,Rondae Hollis-Jefferson,"Chester, Pennsylvania","39°50'50""N","75°22'22""W"
Atlanta Hawks,Charlie Brown,"Philadelphia, Pennsylvania","39°57'10""N","75°09'49""W"
Atlanta Hawks,De'Andre Hunter,"Philadelphia, Pennsylvania","39°57'10""N","75°09'49""W"
Boston Celtics,Brad Wanamaker,"Philadelphia, Pennsylvania","39°57'10""N","75°09'49""W"
Chicago Bulls,Ryan Arcidiaccono,"Philadelphia, Pennsylvania","39°57'10""N","75°09'49""W"
Dallas Mavericks,Michael Kidd-Gilchrist,"Philadelphia, Pennsylvania","39°57'10""N","75°09'49""W"
Los Angeles Clippers,Marcus Morris,"Philadelphia, Pennsylvania","39°57'10""N","75°09'49""W"
Los Angeles Lakers,Dion Waiters,"Philadelphia, Pennsylvania","39°57'10""N","75°09'49""W"
Los Angeles Lakers,Markieff Morris,"Philadelphia, Pennsylvania","39°57'10""N","75°09'49""W"
Orlando Magic,BJ Johnson,"Philadelphia, Pennsylvania","39°57'10""N","75°09'49""W"
Phoenix Suns,Mikal Bridges,"Philadelphia, Pennsylvania","39°57'10""N","75°09'49""W"
Toronto Raptors,Kyle Lowry,"Philadelphia, Pennsylvania","39°57'10""N","75°09'49""W"
Denver Nuggets,Gary Harris,"Fishers, Indiana","39°57'22""N","86°00'46""W"
Brooklyn Nets,Caris LeVert,"Columbus, Ohio","39°57'44""N","83°00'02""W"
Portland TrailBlazers,Gary Trent Jr.,"Columbus, Ohio","39°57'44""N","83°00'02""W"
New York Knicks,Wayne Ellington,"Wynnewood, Pennsylvania","40°00'10""N","75°16'15""W"
Atlanta Hawks,Cam Reddish,"Norristown, Pennsylvania","40°07'12""N","75°20'30""W"
Minnesota Timberwolves,Naz Reid,"Asbury Park, New Jersey","40°13'22""N","74°00'37""W"
San Antonio Spurs,Lonnie Walker,"Reading, Pennsylvania","40°20'30""N","75°55'35""W"
Indiana Pacers,TJ McConnell,"Pittsburgh, Pennsylavnia","40°26'23""N","79°58'35""W"
Dallas Mavericks,Jalen Brunson,"New Brunswick, New Jersey","40°29'12""N","74°26'40""W"
Phoenix Suns,Cameron Johnson,"Moon Township, Pennsylvania","40°31'00""N","80°14'00""W"
Minnesota Timberwolves,Karl-Anthony Towns,"Edison, New Jersey","40°31'39""N","74°23'36""W"
Memphis Grizzlies,Jaren Jackson Jr.,"Plainfield, New Jersey","40°36'56""N","74°24'57""W"
Memphis Grizzlies,Kyle Anderson,"New York City, New York","40°39'40""N","73°56'38""W"
New York Knicks,Maurice Harkless,"New York City, New York","40°39'40""N","73°56'38""W"
Orlando Magic,Mohamed Bamba,"New York City, New York","40°39'40""N","73°56'38""W"
Phoenix Suns,Jalen Lecgue,"New York City, New York","40°39'40""N","73°56'38""W"
Phoenix Suns,Ty Jerome,"New York City, New York","40°39'40""N","73°56'38""W"
Portland TrailBlazers,Moses Brown,"New York City, New York","40°39'40""N","73°56'38""W"
Utah Jazz,Justin Wright-Foreman,"Laurelton, New York","40°40'30""N","73°44'42""W"
Los Angeles Clippers,Terance Mann,"Brooklyn, New York","40°41'34""N","73°59'25""W"
New York Knicks,Taj Gibson,"Brooklyn, New York","40°41'34""N","73°59'25""W"
Portland TrailBlazers,Carmelo Anthony,"Brooklyn, New York","40°41'34""N","73°59'25""W"
Philadelphia 76ers,Kyle O'Quinn,"Jamaica, New York","40°42'00""N","73°48'00""W"
Miami Heat,Bam Adebayo,"Newark, New Jersey","40°43'12""N","74°10'12""W"
Los Angeles Lakers,Danny Green,"North Babylon, New York","40°43'50""N","73°19'17""W"
Oklahoma City Thunder,Hamidou Diallo,"Queens, New York","40°45'00""N","73°52'00""W"
Philadelphia 76ers,Tobias Harris,"Islip, New York","40°45'24""N","73°11'56""W"
Detroit Pistons,Louis King,"Secaucus, New Jersey","40°46'55""N","74°04'04""W"
Portland TrailBlazers,CJ McCollum,"Canton, Ohio","40°48'18""N","81°22'33""W"
Boston Celtics,Kemba Walker,"Bronx, New York","40°50'14""N","73°53'10""W"
Orlando Magic,Jonathan Isaac,"Bronx, New York","40°50'14""N","73°53'10""W"
Cleveland Cavaliers,Andre Drummond,"Mount Vernon, New York","40°54'51""N","73°49'50""W"
Utah Jazz,Donovan Mitchell,"Elmsford, New York","41°03'18""N","73°49'12""W"
Cleveland Cavaliers,Larry Nance Jr.,"Akron, Ohio","41°04'23""N","81°31'04""W"
Golden State Warriors,Stephen Curry,"Akron, Ohio","41°04'23""N","81°31'04""W"
Los Angeles Lakers,LeBron James,"Akron, Ohio","41°04'23""N","81°31'04""W"
Atlanta Hawks,John Collins,"Layton, Utah","41°04'41""N","111°57'19""W"
Denver Nuggets,Mason Plumlee,"Fort Wayne, Indiana","41°04'50""N","85°08'21""W"
Golden State Warriors,Eric Paschall,"North Tarrytown, New York","41°05'31""N","73°51'52""W"
Charlotte Hornets,Terry Rozier,"Youngstown, Ohio","41°06'00""N","80°39'00""W"
Minnesota Timberwolves,James Johnson,"Cheyenne, Wyoming","41°08'24""N","104°49'13""W"
Indiana Pacers,Alize Johnson,"Williamsport, Pennsylvania","41°14'40""N","77°01'07""W"
Boston Celtics,Tremont Waters,"New Haven, Connecticut","41°18'36""N","72°55'25""W"
Milwaukee Bucks,DJ Wilson,"Mount Shasta, California","41°18'52""N","122°18'41""W"
Chicago Bulls,Kris Dunn,"New London, Connecticut","41°20'21""N","72°05'58""W"
Indiana Pacers,JaKarr Sampson,"Cleveland, Ohio","41°28'56""N","81°41'11""W"
Minnesota Timberwolves,Omari Spellman,"Cleveland, Ohio","41°28'56""N","81°41'11""W"
New Orleans Pelicans,E'Twaun Moore,"East Chicago, Indiana","41°29'20""N","87°27'44""W"
Golden State Warriors,Chasson Randle,"Rock Island, Illinois","41°29'21""N","90°34'23""W"
Sacramento Kings,Richaun Holmes,"Lockport, Illinois","41°35'25""N","88°01'45""W"
Cleveland Cavaliers,Darius Garland,"Gary, Indiana","41°35'44""N","87°20'43""W"
Philadelphia 76ers,Glenn Robinson III,"Gary, Indiana","41°35'44""N","87°20'43""W"
Miami Heat,Solomon Hill,"Harvey, Illinois","41°36'39""N","87°39'07""W"
Chicago Bulls,Max Strus,"Hickory Hills, Illinois","41°43'26""N","87°49'37""W"
Oklahoma City Thunder,Isaiah Roby,"Dixon, Illinois","41°50'46""N","89°29'06""W"
Phoenix Suns,Frank Kaminsky,"Winfield, Illinois","41°51'57""N","88°09'55""W"
Milwaukee Bucks,Sterling Brown,"Maywood, Illinois","41°52'52""N","87°50'36""W"
Cleveland Cavaliers,Alfonzo McKinnie,"Chicago, Illinois","41°52'55""N","87°37'40""W"
Detroit Pistons,Derrick Rose,"Chicago, Illinois","41°52'55""N","87°37'40""W"
Los Angeles Clippers,Patrick Beverly,"Chicago, Illinois","41°52'55""N","87°37'40""W"
Los Angeles Lakers,Anthony Davis,"Chicago, Illinois","41°52'55""N","87°37'40""W"
Los Angeles Lakers,Talen Horton-Tucker,"Chicago, Illinois","41°52'55""N","87°37'40""W"
Memphis Grizzlies,John Konchar,"Chicago, Illinois","41°52'55""N","87°37'40""W"
Miami Heat,Kendrick Nunn,"Chicago, Illinois","41°52'55""N","87°37'40""W"
Minnesota Timberwolves,Evan Turner,"Chicago, Illinois","41°52'55""N","87°37'40""W"
New Orleans Pelicans,Jahlil Okafor,"Chicago, Illinois","41°52'55""N","87°37'40""W"
Orlando Magic,Vic Law,"Chicago, Illinois","41°52'55""N","87°37'40""W"
Sacramento Kings,Jabari Parker,"Chicago, Illinois","41°52'55""N","87°37'40""W"
Houston Rockets,Robert Covington,"Bellwood, Illinois","41°52'59""N","87°52'35""W"
Phoenix Suns,Jevon Carter,"Oak Park, Illinois","41°53'00""N","87°48'00""W"
Cleveland Cavaliers,Mat Mooney,"Niles, Illinois","42°01'40""N","87°48'36""W"
Sacramento Kings,Harrison Barnes,"Ames, Iowa","42°02'05""N","93°37'12""W"
Minnesota Timberwolves,Jake Layman,"Wrentham, Massachusetts","42°04'00""N","71°19'43""W"
Brooklyn Nets,Wilson Chandler,"Benton Harbor, Michigan","42°07'00""N","86°27'15""W"
Toronto Raptors,Fred VanVleet,"Rockford, Illinois","42°15'34""N","89°03'52""W"
Washington Wizards,Shabazz Napier,"Roxbury, Massachusetts","42°19'30""N","71°05'43""W"
Indiana Pacers,Edmond Sumner,"Detroit, Michigan","42°19'54""N","83°02'45""W"
Detroit Pistons,Bruce Brown,"Boston, Massachusetts","42°21'29""N","71°03'49""W"
Milwaukee Bucks,Pat Connaughton,"Arlington, Massachusetts","42°24'55""N","71°09'25""W"
Oklahoma City Thunder,Nerlens Noel,"Malden, Massachusetts","42°25'30""N","71°04'00""W"
Denver Nuggets,Noah Vonleh,"Salem, Massachusetts","42°31'10""N","70°53'50""W"
Orlando Magic,Michael Carter-Williams,"Hamilton, Massachusetts","42°37'11""N","70°51'17""W"
Atlanta Hawks,Kevin Herter,"Albany, New York","42°39'09""N","73°45'26""W"
Utah Jazz,Georges Niang,"Lawrence, Massachusetts","42°42'25""N","71°09'49""W"
Chicago Bulls,Denzel Valentine,"Lansing, Michigan","42°44'01""N","84°32'48""W"
San Antonio Spurs,Bryn Forbes,"Lansing, Michigan","42°44'01""N","84°32'48""W"
Denver Nuggets,Monte Morris,"Grand Rapids, Michigan","42°57'40""N","85°39'20""W"
Phoenix Suns,Devin Booker,"Grand Rapids, Michigan","42°57'40""N","85°39'20""W"
Miami Heat,Tyler Herro,"Greenfield, Wisconsin","42°57'47""N","87°59'45""W"
Charlotte Hornets,Miles Bridges,"Flint, Michigan","43°01'08""N","83°41'36""W"
Los Angeles Lakers,JaVale McGee,"Flint, Michigan","43°01'08""N","83°41'36""W"
Los Angeles Lakers,Kyle Kuzma,"Flint, Michigan","43°01'08""N","83°41'36""W"
Golden State Warriors,Kevon Looney,"Milwaukee, Wisconsin","43°03'00""N","87°57'00""W"
Oklahoma City Thunder,Deonte Burton,"Milwaukee, Wisconsin","43°03'00""N","87°57'00""W"
Phoenix Suns,Tariq Owens,"Utica, New York","43°05'41""N","75°16'33""W"
Miami Heat,Duncan Robinson,"York, Maine","43°09'48""N","70°38'55""W"
Washington Wizards,Thomas Bryant,"Rochester, New York","43°09'56""N","77°36'41""W"
Golden State Warriors,Draymond Green,"Saginaw, Michigan","43°25'04""N","83°57'52""W"
Indiana Pacers,Brian Bowen,"Saginaw, Michigan","43°25'04""N","83°57'52""W"
Houston Rockets,Isaiah Hartenstein,"Eugene, Oregon","44°03'07""N","123°05'12""W"
Golden State Warriors,Jordan Poole,"Marshfield, Wisconsin","44°40'00""N","90°11'00""W"
Memphis Grizzlies,Tyus Jones,"Burnsville, Minnesota","44°46'04""N","93°16'39""W"
Los Angeles Clippers,Amir Coffey,"Hopkins, Minnesota","44°55'51""N","93°24'06""W"
Oklahoma City Thunder,Mike Muscala,"St. Louis Park, Minnesota","44°56'54""N","93°20'53""W"
Utah Jazz,Nigel Williams-Goss,"Happy Valley, Oregon","45°26'45""N","122°32'01""W"
Denver Nuggets,Jerami Grant,"Portland, Oregon","45°31'12""N","122°40'55""W"
Indiana Pacers,Domantas Sabonis,"Portland, Oregon","45°31'12""N","122°40'55""W"
Orlando Magic,Terrence Ross,"Portland, Oregon","45°31'12""N","122°40'55""W"
Los Angeles Lakers,Avery Bradley,"Tacoma, Washington","47°14'29""N","122°27'34""W"
Charlotte Hornets,Jalen McDaniels,"Federal Way, Washington","47°19'00""N","122°21'00""W"
Chicago Bulls,Zach LaVine,"Renton, Washington","47°29'12""N","122°11'43""W"
Milwaukee Bucks,Marvin Williams,"Bremerton, Washington","47°34'12""N","122°39'09""W"
Cleveland Cavaliers,Kevin Porter Jr.,"Seattle, Washington","47°36'35""N","122°19'59""W"
Minnesota Timberwolves,Jaylen Nowell,"Seattle, Washington","47°36'35""N","122°19'59""W"
New York Knicks,Allonzo Trier,"Seattle, Washington","47°36'35""N","122°19'59""W"
San Antonio Spurs,Dejounte Murray,"Seattle, Washington","47°36'35""N","122°19'59""W"
Washington Wizards,Gary Payton II,"Seattle, Washington","47°36'35""N","122°19'59""W"
Brooklyn Nets,Joe Harris,"Chelan, Washington","47°50'34""N","120°01'17""W"
Indiana Pacers,Doug McDermott,"Grand Forks, North Dakota","47°55'31""N","97°01'57""W"
Detroit Pistons,Blake Griffin,"Oklahoma City, Oklahoma","35°28'07""N","97°31'17""W"
Utah Jazz,Joe Ingles,"Adelaide, Australia","34°55'44""S","138°36'04""E"
Oklahoma City Thunder,Abdel Nader,"Alexandria, Egypt","31°12'00""N","29°55'00""E"
Sacramento Kings,Alex Len,"Antratsyt, Ukraine","48°07'09""N","39°05'24""E"
Milwaukee Bucks,Giannis Antetokounmpo,"Athens, Greece","37°59'02""N","23°43'40""E"
Milwaukee Bucks,Thanasis Antetokounmpo,"Athens, Greece","37°59'02""N","23°43'40""E"
Los Angeles Lakers,Kostas Antetokounmpo,"Athens, Greece","37°59'02""N","23°43'40""E"
Toronto Raptors,Marc Gasol,"Barcelona, Spain","41°23'00""N","02°11'00""E"
Sacramento Kings,Nemanja Bjelica,"Belgrade, Serbia (FRMR Yugoslavia)","44°49'00""N","20°28'00""E"
Golden State Warriors,Alen Smailagic,"Belgrade, Serbia (FRMR Yugoslavia)","44°49'00""N","20°28'00""E"
Philadelphia 76ers,Raul Neto,"Belo Horizonte, Brazil","19°55'00""S","43°56'00""W"
Washington Wizards,Moritz Wagner,"Berlin, Germany","52°31'12""N","13°24'18""E"
Brooklyn Nets,Dzanan Musa,"Bihac, Bosnia and Herzegovina","44°49'00""N","15°52'00""E"
Dallas Mavericks,Boban Marjanovic,"Boljevac, Serbia (FRMR Yugoslavia)","43°49'49""N","21°57'11""E"
Phoenix Suns,Elie Okobo,"Bordeaux, France","44°50'00""N","00°35'00""W"
Cleveland Cavaliers,Tristan Thompson,"Brampton, Canada","43°41'00""N","79°46'00""W"
Oklahoma City Thunder,Dennis Schroder,"Braunschweig, Germany","52°16'00""N","10°31'00""E"
Toronto Raptors,Serge Ibaka,"Brazzaville, Republic of the Congo","04°16'04""S","15°17'31""E"
Los Angeles Clippers,Mfiondu Kabengele,"Burlington, Canada","43°19'00""N","79°48'00""W"
San Antonio Spurs,Patty Mills,"Canberra, Australia","35°17'35""S","149°07'37""E"
Brooklyn Nets,Timothe Luwawu-Cabarrot,"Cannes, France","43°33'05""N","07°00'46""E"
Golden State Warriors,Dragan Bender,"Caplijina, Bosnia and Herzegovina","43°06'43""N","17°42'20""E"
Toronto Raptors,Chris Boucher,"Castries, Saint Lucia","14°01'00""N","60°59'00""W"
Brooklyn Nets,Rodions Kurucus,"Cesis, Latvia","57°19'00""N","25°16'00""E"
Detroit Pistons,Sviatoslav Mykhailiuk,"Cherkasy, Ukraine","46°26'40""N","32°03'35""E"
Boston Celtics,Vincent Poirier,"Clamart, France","48°48'05""N","02°15'46""E"
Detroit Pistons,Sekou Doumbouya,"Conakry, Guinea","09°30'33""N","13°42'44""W"
Boston Celtics,Tacko Fall,"Dakar, Senegal","14°41'34""N","17°26'48""W"
Toronto Raptors,Pascal Siakam,"Douala, Cameroon","04°03'00""N","09°42'00""E"
Portland TrailBlazers,Mario Hezonja,"Dubrovnik, Croatia","42°38'25""N","18°06'30""E"
Phoenix Suns,Ricky Rubio,"El Masnou, Spain","41°28'45""N","02°19'05""E"
Milwaukee Bucks,Ersan Ilyasova,"Eskisehir, Turkey","39°46'33""N","30°31'14""E"
Sacramento Kings,Buddy Hield,"Freeport, Bahamas","26°31'43""N","78°41'48""W"
Atlanta Hawks,Clint Capela,"Geneva, Switzerland","46°12'00""N","06°09'00""E"
Phoenix Suns,Aron Baynes,"Gisborne, New Zealand","38°39'45""S","178°01'04""E"
Philadelphia 76ers,Furkan Korkmaz,"Istanbul, Turkey","41°00'49""N","28°57'18""E"
New York Knicks,Frank Ntilikina,"Ixelles, Belgium","50°50'00""N","04°22'00""E"
New York Knicks,Ignas Brazdeikis,Kaunas Lithuania,"54°53'50""N","23°53'10""E"
Phoenix Suns,Cheick Diallo,"Kayes, Mali","14°27'00""N","11°26'00""W"
Memphis Grizzlies,Gorgui Dieng,"Kebemer, Senegal","15°22'12""N","16°27'00""W"
Denver Nuggets,Bol Bol,"Khartoum, Sudan","15°30'02""N","32°33'36""E"
Utah Jazz,Emmanuel Mudiay,"Kinshasa, Zaire","04°19'30""S","15°19'20""E"
Denver Nuggets,Jamal Murray,"Kitchener, Canada","43°25'07""N","80°28'22""W"
Denver Nuggets,Vlatko Cancar,"Koper, Slovenia","45°33'00""N","13°44'00""E"
Minnesota Timberwolves,Josh Okogie,"Lagos, Nigeria","06°27'18""N","03°23'03""E"
Miami Heat,Chris Silva,"Libreville, Gabon","0°23'24""N","09°27'16""E"
Dallas Mavericks,Kristaps Porzingis,"Liepaja, Latvia","56°30'42""N","21°00'50""E"
Charlotte Hornets,Nicolas Batum,"Lisieux, France","49°09'00""N","00°14'00""E"
Miami Heat,Goran Dragic,"Ljubljana, Slovenia (FRMR Yugoslavia)","46°03'20""N","14°30'30""E"
Dallas Mavericks,Luka Doncic,"Ljubljana, Slovenia (FRMR Yugoslavia)","46°03'20""N","14°30'30""E"
Toronto Raptors,OG Anunoby,"London, England","51°30'26""N","00°07'39""W"
Washington Wizards,Admiral Schofield,"London, England","51°30'26""N","00°07'39""W"
Atlanta Hawks,Bruno Fernando,"Luanda, Angola","08°50'18""S","13°14'04""E"
Charlotte Hornets,Bismack Biyombo,"Lubumbashi, Democratic Republic of Congo","11°40'00""S","27°29'00""E"
Charlotte Hornets,Willy Hernangomez,"Madrid, Spain","40°23'00""N","03°43'00""W"
Minnesota Timberwolves,Juan Hernangomez,"Madrid, Spain","40°23'00""N","03°43'00""W"
Dallas Mavericks,JJ Barea,"Mayaguez, Puerto Rico","18°12'04""N","67°08'23""W"
Cleveland Cavaliers,Matthew Dellavedova,"Maryborough, Australia","23°32'15""S","152°42'07""E"
Philadelphia 76ers,Ben Simmons,"Melbourne, Australia","37°48'49""S","144°57'47""E"
Cleveland Cavaliers,Dante Exum,"Melbourne, Australia","37°48'49""S","144°57'47""E"
Memphis Grizzlies,Dillon Brooks,"Mississaugua, Canada","43°36'00""N","79°39'00""W"
Orlando Magic,Khem Birch,"Montreal, Canada","45°30'32""N","73°33'42""W"
Oklahoma City Thunder,Luguentz Dort,"Montreal, Canada","45°30'32""N","73°33'42""W"
Orlando Magic,Nikola Vucevic,"Morges, Switzerland","46°31'00""N","06°30'00""E"
Los Angeles Clippers,Ivica Zubac,"Mostar, Bosnia and Herzegovina","43°20'00""N","17°48'00""E"
Utah Jazz,Bojan Bogdanovic,"Mostar, Bosnia and Herzegovina","43°20'00""N","17°48'00""E"
Phoenix Suns,Deandre Ayton,"Nassau, Bahamas","25°03'36""N","77°20'42""W"
Washington Wizards,Isaac Bonga,"Neuwied, Germany","50°25'43""N","07°27'41""E"
Cleveland Cavaliers,Cedi Osman,"Ohrid, Macedonia","41°07'01""N","20°48'06""E"
Houston Rockets,Bruno Caboclo,"Osasco, Brazil","23°31'58""S","46°47'31""W"
Philadelphia 76ers,Marial Shayok,"Ottawa, Canada","45°25'29""N","75°41'42""W"
Sacramento Kings,Cory Joseph,"Pickering, Canada","43°50'07""N","79°05'20""W"
Los Angeles Clippers,Reggie Jackson,"Pordenone, Italy","45°57'00""N","12°39'00""E"
Atlanta Hawks,Skal Labissiere,"Port-au-Prince, Haiti","18°32'00""N","72°20'00""W"
Chicago Bulls,Cristiano Felicio,"Pouso Alegre, Brazil","22°13'41""S","45°56'01""W"
Chicago Bulls,Tomas Satoransky,"Prague, Czechoslovakia","50°05'00""N","14°25'00""E"
Memphis Grizzlies,Marko Guduric,"Priboj, Serbia (FRMR Yugoslavia)","43°36'00""N","19°32'00""E"
Philadelphia 76ers,Al Horford,"Puerto Plata, Dominican Republic","19°48'00""N","70°41'00""W"
New Orleans Pelicans,Nicolo Melli,"Reggio Emilia, Italy","44°42'00""N","10°38'00""E"
Washington Wizards,Anzejs Pasecniks,"Riga, Latvia","56°56'56""N","24°06'26""E"
Oklahoma City Thunder,Steven Adams,"Rotorua, New Zealand","38°08'16""S","176°15'05""E"
Washington Wizards,Ian Mahinmi,"Rouen, France","49°26'00""N","01°06'00""E"
Washington Wizards,Davis Bertans,"Rujiena, Latvia","57°53'50""N","25°19'33""E"
Indiana Pacers,Goga Bitadze,"Sagarejo, Georgia","41°44'00""N","45°20'25""E"
Oklahoma City Thunder,Danilo Gallinari,"Saint'Angelo Lodigiano, Italy","45°14'00""N","09°24'00""E"
Orlando Magic,Evan Fournier,"Saint-Quentin, France","49°50'55""N","03°17'11""E"
Utah Jazz,Rudy Gobert,"Saint-Quentin, France","49°50'55""N","03°17'11""E"
Boston Celtics,Daniel Theis,"Salzgitter, Germany","52°09'00""N","10°20'00""E"
San Antonio Spurs,Marco Belinelli,"San Giovanni in Persiceto, Italy","44°38'00""N","11°11'00""E"
San Antonio Spurs,Trey Lyles,"Saskatoon, Canada","52°08'00""N","106°41'00""W"
Phoenix Suns,Dario Saric,"Sibenik, Croatia","43°44'06""N","15°53'26""E"
Denver Nuggets,Nikola Jokic,"Sombor, Serbia (FRMR Yugoslavia)","45°47'00""N","19°07'00""E"
Cleveland Cavaliers,Ante Zizic,"Split, Croatia","43°30'36""N","16°27'00""E"
Philadelphia 76ers,Norvel Pelle,"St. John's, Antigua and Barbuda","17°07'00""N","61°51'00""W"
Brooklyn Nets,Kyrie Irving,"Sydney, Australia","33°51'54""S","151°12'34""E"
Indiana Pacers,TJ Leaf,"Tel Aviv, Isreal","32°04'00""N","34°47'00""E"
Miami Heat,Kelly Olynyk,"Toronto, Canada","43°44'30""N","79°22'24""W"
New York Knicks,RJ Barrett,"Toronto, Canada","43°44'30""N","79°22'24""W"
Oklahoma City Thunder,Shai Gilgeous-Alexander,"Toronto, Canada","43°44'30""N","79°22'24""W"
Dallas Mavericks,Dwight Powell,"Toronto, Canada","43°44'30""N","79°22'24""W"
New Orleans Pelicans,Nickeil Alexander-Walker,"Toronto, Canada","43°44'30""N","79°22'24""W"
Golden State Warriors,Andrew Wiggins,"Toronto, Canada","43°44'30""N","79°22'24""W"
Washington Wizards,Rui Hachimura,"Toyama, Japan","36°43'00""N","137°09'00""E"
Portland TrailBlazers,Jusuf Nurkic,"Tuzla, Bosnia and Herzegovina","44°32'17""N","18°40'34""E"
Memphis Grizzlies,Jonas Valanciunas,"Utena, Lithuania","55°30'00""N","25°36'00""E"
Memphis Grizzlies,Brandon Clarke,"Vancouver, Canada","49°15'00""N","123°06'00""W"
Chicago Bulls,Lauri Markkanen,"Vantaa, Finland","60°17'40""N","25°02'25""E"
Houston Rockets,Thabo Sefolosha,"Vevey, Switzerland","46°28'00""N","06°51'00""E"
San Antonio Spurs,Jakob Poeltl,"Vienna, Austria","48°12'00""N","16°22'00""E"
Detroit Pistons,Thon Maker,"Wau, Sudan","07°42'00""N","28°00'00""E"
Dallas Mavericks,Maxi Kleber,"Wurzburg, Germany","49°47'00""N","09°56'00""E"
Philadelphia 76ers,Joel Embiid,"Yaounde, Cameroon","03°52'00""N","11°31'00""E"
Memphis Grizzlies,Yuta Watanabe,"Yokohama, Japan","35°26'39""N","139°38'17""E"
San Antonio Spurs,Luka Samanic,"Zagreb, Croatia","45°49'00""N","15°59'00""E"
